"","GEOID","P3_Meetings","P3_Grade_Meetings","P3_Breaks_100mi","P3_SSO_100mi","P3_Lead_Lines_Percent","P3_Lead_Lines_Replaced_Percent","P3_Network_Renewal","P3_Maintenance_Hrs_100mi","P3_Grade_Breaks","P3_Grade_SSO","P3_Grade_Lead","P3_Grade_Lead_Replace","P3_Grade_Network_Renewal","P3_Grade_Maintenance"
"1","17043846206",0,"3. Poor - 0",0,0,0,NA,0.25920160766691,1185.80406923639,"1. Good - <5","1. Good - <2","1. Good - 0%",NA,"3. Poor - <0.5%","2. Fair - 650-1800"
"2","17197880309",0,"3. Poor - 0",0,0,0,NA,2.98819010797888,1130.43655716934,"1. Good - <5","1. Good - <2","1. Good - 0%",NA,"1. Good >2%","2. Fair - 650-1800"
"3","17043841607",0,"3. Poor - 0",0,0,0,NA,0.489472480723634,1029.65048176678,"1. Good - <5","1. Good - <2","1. Good - 0%",NA,"3. Poor - <0.5%","2. Fair - 650-1800"
"4","17043846522",1,"2. Fair - 1",11.0044802290654,11.0044802290654,0,NA,0.841793651226908,1648.99524660108,"2. Fair - 5-20","2. Fair - 2-10","1. Good - 0%",NA,"2. Fair - 0.5-2%","2. Fair - 650-1800"
"5","17043846507",1,"2. Fair - 1",5902.66619795526,5902.66619795526,0,NA,0.745457679731771,986.426784459403,"2. Fair - 5-20","2. Fair - 2-10","1. Good - 0%",NA,"2. Fair - 0.5-2%","2. Fair - 650-1800"
"6","17043846207",0,"3. Poor - 0",0,0,0,NA,2.18695913837291,1065.49951663517,"1. Good - <5","1. Good - <2","1. Good - 0%",NA,"1. Good >2%","2. Fair - 650-1800"
"7","17043841606",0,"3. Poor - 0",7627.11349229436,7627.11349229436,0,NA,2.74410561681725,1485.93065865527,"2. Fair - 5-20","2. Fair - 2-10","1. Good - 0%",NA,"1. Good >2%","2. Fair - 650-1800"
"8","17043842601",0,"3. Poor - 0",0,0,0,NA,1.95114350155927,1237.84622009114,"1. Good - <5","1. Good - <2","1. Good - 0%",NA,"2. Fair - 0.5-2%","2. Fair - 650-1800"
"9","17197880312",0,"3. Poor - 0",0,0,0,NA,0.0246060371864587,1098.687568431,"1. Good - <5","1. Good - <2","1. Good - 0%",NA,"3. Poor - <0.5%","2. Fair - 650-1800"
"10","17043846523",1,"2. Fair - 1",0,0,0,NA,2.43789815227501,610.902736602721,"1. Good - <5","1. Good - <2","1. Good - 0%",NA,"1. Good >2%","3. Poor - <650"
"11","17197880119",1,"2. Fair - 1",3.32002175933668,3.32002175933668,0,NA,2.78752300911583,827.074053666472,"1. Good - <5","2. Fair - 2-10","1. Good - 0%",NA,"1. Good >2%","2. Fair - 650-1800"
"12","17043846304",1,"2. Fair - 1",0,0,0,NA,2.76547819445841,897.792444788261,"1. Good - <5","1. Good - <2","1. Good - 0%",NA,"1. Good >2%","2. Fair - 650-1800"
"13","17043846103",0,"3. Poor - 0",0,0,13.5177865612648,0.081314866815228,2.38997439108789,1683.36977596162,"1. Good - <5","1. Good - <2","3. Poor - >5%",0.081314866815228,"1. Good >2%","2. Fair - 650-1800"
"14","17043846405",0,"3. Poor - 0",4.52304405794557,4.52304405794557,0,NA,2.53752748947591,1389.11783371005,"1. Good - <5","2. Fair - 2-10","1. Good - 0%",NA,"1. Good >2%","2. Fair - 650-1800"
"15","17197880303",0,"3. Poor - 0",5.02164451368212,5.02164451368212,0,NA,1.51933181891218,1158.95419868899,"2. Fair - 5-20","2. Fair - 2-10","1. Good - 0%",NA,"2. Fair - 0.5-2%","2. Fair - 650-1800"
"16","17197880305",0,"3. Poor - 0",6.0441068072225,6.0441068072225,0,NA,0.156870547682047,897.486842412004,"2. Fair - 5-20","2. Fair - 2-10","1. Good - 0%",NA,"3. Poor - <0.5%","2. Fair - 650-1800"
"17","17197880118",0,"3. Poor - 0",8.08738855169877,8.08738855169877,0,NA,1.89835488446988,956.233875442943,"2. Fair - 5-20","2. Fair - 2-10","1. Good - 0%",NA,"2. Fair - 0.5-2%","2. Fair - 650-1800"
"18","17043846504",0,"3. Poor - 0",0,0,4.88334237655996,-0.00950900630559773,0.289579959120601,405.980109538248,"1. Good - <5","1. Good - <2","2. Fair - 0-5%",-0.00950900630559773,"3. Poor - <0.5%","3. Poor - <650"
"19","17197880304",0,"3. Poor - 0",0,0,0,NA,1.26942339492962,88.0531121955404,"1. Good - <5","1. Good - <2","1. Good - 0%",NA,"2. Fair - 0.5-2%","3. Poor - <650"
"20","17043846203",0,"3. Poor - 0",7.06061432792926,7.06061432792926,0,NA,2.77769106742926,1330.63985642948,"2. Fair - 5-20","2. Fair - 2-10","1. Good - 0%",NA,"1. Good >2%","2. Fair - 650-1800"
"21","17043846313",0,"3. Poor - 0",0,0,0,NA,1.47654878022149,810.91733053418,"1. Good - <5","1. Good - <2","1. Good - 0%",NA,"2. Fair - 0.5-2%","2. Fair - 650-1800"
"22","17043846201",0,"3. Poor - 0",0,0,0,NA,1.87400714610703,918.901340838743,"1. Good - <5","1. Good - <2","1. Good - 0%",NA,"2. Fair - 0.5-2%","2. Fair - 650-1800"
"23","17043846410",0,"3. Poor - 0",7.84684386503382,7.84684386503382,0,NA,1.32812733203173,1536.41683637539,"2. Fair - 5-20","2. Fair - 2-10","1. Good - 0%",NA,"2. Fair - 0.5-2%","2. Fair - 650-1800"
"24","17043846208",0,"3. Poor - 0",4.16271004720638,4.16271004720638,0,NA,1.83812424587086,1379.63059204552,"1. Good - <5","2. Fair - 2-10","1. Good - 0%",NA,"2. Fair - 0.5-2%","2. Fair - 650-1800"
"25","17043846209",0,"3. Poor - 0",3.9776755505712,3.9776755505712,1.80032733224223,0.0380591516499408,0.241166420979425,804.117408979312,"1. Good - <5","2. Fair - 2-10","2. Fair - 0-5%",0.0380591516499408,"3. Poor - <0.5%","2. Fair - 650-1800"
"26","17197880306",0,"3. Poor - 0",9.89087947661856,9.89087947661856,0,NA,1.3101971175056,991.382793196285,"2. Fair - 5-20","2. Fair - 2-10","1. Good - 0%",NA,"2. Fair - 0.5-2%","2. Fair - 650-1800"
"27","17043846513",0,"3. Poor - 0",4446.07828454757,4446.07828454757,0,NA,2.52641741023399,1141.01098479305,"2. Fair - 5-20","2. Fair - 2-10","1. Good - 0%",NA,"1. Good >2%","2. Fair - 650-1800"
"28","17043846404",0,"3. Poor - 0",9.70309222267526,9.70309222267526,3.20962888665998,-0.0701154240174219,1.77772932266816,1262.1429786887,"2. Fair - 5-20","2. Fair - 2-10","2. Fair - 0-5%",-0.0701154240174219,"2. Fair - 0.5-2%","2. Fair - 650-1800"
"29","17043846102",0,"3. Poor - 0",42.695814474539,42.695814474539,0,NA,2.80047921510413,287.934392629243,"2. Fair - 5-20","2. Fair - 2-10","1. Good - 0%",NA,"1. Good >2%","3. Poor - <650"
"30","17043846202",0,"3. Poor - 0",0,0,0,NA,0.14657518453896,506.927656933729,"1. Good - <5","1. Good - <2","1. Good - 0%",NA,"3. Poor - <0.5%","3. Poor - <650"
"31","17197880310",0,"3. Poor - 0",0,0,0,NA,0.712983101606369,1097.44137574106,"1. Good - <5","1. Good - <2","1. Good - 0%",NA,"2. Fair - 0.5-2%","2. Fair - 650-1800"
"32","17043846413",0,"3. Poor - 0",10.6060876036199,10.6060876036199,0,NA,1.08569327113219,821.440444588238,"2. Fair - 5-20","2. Fair - 2-10","1. Good - 0%",NA,"2. Fair - 0.5-2%","2. Fair - 650-1800"
"33","17197880307",1,"2. Fair - 1",0,0,0,NA,0.920060800155625,1265.96643490354,"1. Good - <5","1. Good - <2","1. Good - 0%",NA,"2. Fair - 0.5-2%","2. Fair - 650-1800"
"34","17197880308",1,"2. Fair - 1",10.3638487628759,10.3638487628759,0,NA,1.32364884135313,742.247178834327,"2. Fair - 5-20","2. Fair - 2-10","1. Good - 0%",NA,"2. Fair - 0.5-2%","2. Fair - 650-1800"
"35","17043846514",1,"2. Fair - 1",16428.6459970092,16428.6459970092,0,NA,0.755978009663522,1556.89137858316,"2. Fair - 5-20","2. Fair - 2-10","1. Good - 0%",NA,"2. Fair - 0.5-2%","2. Fair - 650-1800"
"36","17043846524",0,"3. Poor - 0",6.83877744048337,6.83877744048337,0,NA,0.827102227834985,758.246142912643,"2. Fair - 5-20","2. Fair - 2-10","1. Good - 0%",NA,"2. Fair - 0.5-2%","2. Fair - 650-1800"
"37","17043846411",0,"3. Poor - 0",0,0,0,NA,0.134858258301392,261.626861856307,"1. Good - <5","1. Good - <2","1. Good - 0%",NA,"3. Poor - <0.5%","3. Poor - <650"
"38","17043846412",1,"2. Fair - 1",13.7216795113797,13.7216795113797,0,NA,2.78958320128731,190.900686532747,"2. Fair - 5-20","2. Fair - 2-10","1. Good - 0%",NA,"1. Good >2%","3. Poor - <650"
"39","17043846519",1,"2. Fair - 1",6.4557970951135,6.4557970951135,0,NA,1.61105013499036,664.185195094167,"2. Fair - 5-20","2. Fair - 2-10","1. Good - 0%",NA,"2. Fair - 0.5-2%","2. Fair - 650-1800"
"40","17043846106",1,"2. Fair - 1",10.6312772051738,10.6312772051738,0,NA,0.0972591117024422,740.631863459138,"2. Fair - 5-20","2. Fair - 2-10","1. Good - 0%",NA,"3. Poor - <0.5%","2. Fair - 650-1800"
"41","17043846105",0,"3. Poor - 0",0,0,1.68324407039021,0.0144291641539894,2.25367914000526,633.400978682408,"1. Good - <5","1. Good - <2","2. Fair - 0-5%",0.0144291641539894,"1. Good >2%","3. Poor - <650"
"42","17043846205",1,"2. Fair - 1",0,0,0,NA,2.66979933623224,686.301548001278,"1. Good - <5","1. Good - <2","1. Good - 0%",NA,"1. Good >2%","2. Fair - 650-1800"
"43","17043846104",0,"3. Poor - 0",17.2709801856865,17.2709801856865,0,NA,0.278158866567537,1311.05418768128,"2. Fair - 5-20","2. Fair - 2-10","1. Good - 0%",NA,"3. Poor - <0.5%","2. Fair - 650-1800"
"44","17197880120",1,"2. Fair - 1",3571.79352138812,3571.79352138812,0,NA,1.50092062633485,1104.37622351766,"2. Fair - 5-20","2. Fair - 2-10","1. Good - 0%",NA,"2. Fair - 0.5-2%","2. Fair - 650-1800"
"45","17043846521",0,"3. Poor - 0",0,0,0,NA,0.698368528392166,1639.03219672541,"1. Good - <5","1. Good - <2","1. Good - 0%",NA,"2. Fair - 0.5-2%","2. Fair - 650-1800"
